epoch_time,mean_train_loss,mean_val_loss,train_acc,val_acc
40.83017744620641,63.500205993652344,51.375450134277344,0.48049939233233896,0.5742705570291777
32.56204596360524,61.08537673950195,79.4437026977539,0.6766103193017347,0.6618037135278515
30.78073842128118,50.4585075378418,108.72014617919922,0.7482046182742238,0.671971706454465
29.420944452285767,64.71633911132812,138.64134216308594,0.7885316539608883,0.6839080459770115
28.726655876636507,52.39198684692383,154.355224609375,0.8171472765440283,0.7024756852343059
28.043085193634035,52.0718879699707,187.8212890625,0.8417854380731411,0.7064544650751547
27.963367156187694,47.13554000854492,214.09909057617188,0.8622251684896697,0.7051282051282052
27.77452416817347,44.802757263183594,200.3301239013672,0.8766987073251574,0.729000884173298
